,total_users,female%,male%,non_binary%,blank%,city
Aberdeen_US,3,,100.0,,,Aberdeen_US
Abilene_US,5,80.0,20.0,,,Abilene_US
Adelphi_US,5,40.0,40.0,20.0,,Adelphi_US
Affton_US,1,,,100.0,,Affton_US
Akron_US,2,,100.0,,,Akron_US
Alachua County_US,1,,100.0,,,Alachua County_US
Alafaya_US,4,,50.0,25.0,25.0,Alafaya_US
Alameda County_US,1,,,100.0,,Alameda County_US
Albany_US,4,25.0,,75.0,,Albany_US
Albuquerque_US,1,,,,100.0,Albuquerque_US
Alexandria_US,1,100.0,,,,Alexandria_US
Altoona_US,1,,100.0,,,Altoona_US
Americus_US,10,40.0,40.0,20.0,,Americus_US
Anchorage_US,10,40.0,40.0,20.0,,Anchorage_US
Anderson County_US,1,100.0,,,,Anderson County_US
Anne Arundel County_US,1,100.0,,,,Anne Arundel County_US
Arlington_US,15,40.0,60.0,,,Arlington_US
Ashe County_US,1,,,100.0,,Ashe County_US
Asheville_US,3,33.333333333333336,66.66666666666667,,,Asheville_US
Ashford_US,1,,100.0,,,Ashford_US
Atascadero_US,1,,100.0,,,Atascadero_US
Athens County_US,1,100.0,,,,Athens County_US
Atlanta_US,3,66.66666666666667,33.333333333333336,,,Atlanta_US
Auburn_US,11,54.54545454545455,27.272727272727273,,18.181818181818183,Auburn_US
Augusta County_US,4,,100.0,,,Augusta County_US
Augusta_US,20,35.0,50.0,15.0,,Augusta_US
Aurora_US,37,35.13513513513514,35.13513513513514,21.62162162162162,8.108108108108109,Aurora_US
Austin_US,7,42.857142857142854,57.142857142857146,,,Austin_US
Autauga County_US,1,,100.0,,,Autauga County_US
Azusa_US,4,75.0,25.0,,,Azusa_US
Balch Springs_US,1,100.0,,,,Balch Springs_US
Baldwin_US,2,,100.0,,,Baldwin_US
Baltimore County_US,17,58.8235294117647,41.1764705882353,,,Baltimore County_US
Baltimore_US,16,31.25,50.0,18.75,,Baltimore_US
Baton Rouge_US,18,50.0,50.0,,,Baton Rouge_US
Bay County_US,1,,,100.0,,Bay County_US
Beaumont_US,4,75.0,25.0,,,Beaumont_US
Bedford County_US,7,28.571428571428573,42.857142857142854,28.571428571428573,,Bedford County_US
Bedford_US,1,100.0,,,,Bedford_US
Bell County_US,2,50.0,50.0,,,Bell County_US
Bellbrook_US,1,,,100.0,,Bellbrook_US
Bellevue_US,1,,100.0,,,Bellevue_US
Beltrami County_US,1,100.0,,,,Beltrami County_US
Beltsville_US,4,25.0,50.0,25.0,,Beltsville_US
Berkeley County_US,5,80.0,20.0,,,Berkeley County_US
Berkeley_US,5,40.0,40.0,20.0,,Berkeley_US
Bernice_US,1,100.0,,,,Bernice_US
Berwyn_US,1,100.0,,,,Berwyn_US
Bessemer_US,1,,100.0,,,Bessemer_US
Beverly Hills_US,1,100.0,,,,Beverly Hills_US
Bexar County_US,2,50.0,50.0,,,Bexar County_US
Big Rapids_US,14,35.714285714285715,28.571428571428573,35.714285714285715,,Big Rapids_US
Biloxi_US,1,,100.0,,,Biloxi_US
Binghamton_US,1,100.0,,,,Binghamton_US
Blaine_US,1,,100.0,,,Blaine_US
Bloomington_US,3,33.333333333333336,33.333333333333336,,33.333333333333336,Bloomington_US
Bluefield_US,1,100.0,,,,Bluefield_US
Boise_US,7,85.71428571428571,,14.285714285714286,,Boise_US
Bolivar_US,2,,50.0,50.0,,Bolivar_US
Bonne Terre_US,1,,100.0,,,Bonne Terre_US
Boron_US,1,,,100.0,,Boron_US
Botetourt County_US,1,100.0,,,,Botetourt County_US
Bowie County_US,17,58.8235294117647,17.647058823529413,17.647058823529413,5.882352941176471,Bowie County_US
Box Elder_US,6,50.0,33.333333333333336,,16.666666666666668,Box Elder_US
Bradenton_US,1,,,100.0,,Bradenton_US
Brandon_US,1,100.0,,,,Brandon_US
Brawley_US,2,,100.0,,,Brawley_US
Brier_US,3,66.66666666666667,33.333333333333336,,,Brier_US
Brighton Township_US,1,,100.0,,,Brighton Township_US
Bristol Township_US,1,,100.0,,,Bristol Township_US
Bristol_US,9,55.55555555555556,44.44444444444444,,,Bristol_US
Broken Arrow_US,1,,100.0,,,Broken Arrow_US
Bronson_US,7,28.571428571428573,57.142857142857146,14.285714285714286,,Bronson_US
Brooke County_US,2,50.0,50.0,,,Brooke County_US
Brooklyn Center_US,1,100.0,,,,Brooklyn Center_US
Broward County_US,3,,66.66666666666667,33.333333333333336,,Broward County_US
Brule County_US,1,,,100.0,,Brule County_US
Brunswick County_US,16,43.75,56.25,,,Brunswick County_US
Bryan_US,7,14.285714285714286,71.42857142857143,14.285714285714286,,Bryan_US
Bucyrus_US,3,66.66666666666667,,33.333333333333336,,Bucyrus_US
Buffalo_US,4,50.0,25.0,25.0,,Buffalo_US
Burbank_US,2,100.0,,,,Burbank_US
Burgaw_US,1,,100.0,,,Burgaw_US
Burleson_US,1,,100.0,,,Burleson_US
Butler County_US,1,100.0,,,,Butler County_US
Cabell County_US,1,,,100.0,,Cabell County_US
Calcasieu Parish_US,1,100.0,,,,Calcasieu Parish_US
Camarillo_US,1,,100.0,,,Camarillo_US
Cambridge_US,4,50.0,50.0,,,Cambridge_US
Campbell County_US,8,,25.0,75.0,,Campbell County_US
Campbellsville_US,1,,,100.0,,Campbellsville_US
Canton_US,2,,50.0,50.0,,Canton_US
Cape Girardeau_US,1,100.0,,,,Cape Girardeau_US
Carlsbad_US,3,33.333333333333336,66.66666666666667,,,Carlsbad_US
Carmel_US,6,16.666666666666668,66.66666666666667,16.666666666666668,,Carmel_US
Carol Stream_US,4,50.0,25.0,25.0,,Carol Stream_US
Carpentersville_US,14,42.857142857142854,21.428571428571427,28.571428571428573,7.142857142857143,Carpentersville_US
Carrollton_US,15,26.666666666666668,40.0,33.333333333333336,,Carrollton_US
Carson City_US,1,,,100.0,,Carson City_US
Cartersville_US,1,,100.0,,,Cartersville_US
Carthage_US,3,66.66666666666667,33.333333333333336,,,Carthage_US
Cary_US,1,,,100.0,,Cary_US
Cascades_US,9,55.55555555555556,44.44444444444444,,,Cascades_US
Cass County_US,1,100.0,,,,Cass County_US
Catawba County_US,3,66.66666666666667,33.333333333333336,,,Catawba County_US
Celina_US,5,60.0,20.0,,20.0,Celina_US
Center Township_US,6,50.0,50.0,,,Center Township_US
Central City_US,1,100.0,,,,Central City_US
Champaign_US,1,100.0,,,,Champaign_US
Chandler_US,12,25.0,75.0,,,Chandler_US
Chapel Hill_US,1,,100.0,,,Chapel Hill_US
Chapmanville_US,1,,100.0,,,Chapmanville_US
Charles County_US,3,66.66666666666667,33.333333333333336,,,Charles County_US
Charleston County_US,5,20.0,60.0,20.0,,Charleston County_US
Charlotte Park_US,1,100.0,,,,Charlotte Park_US
Charlotte_US,6,33.333333333333336,66.66666666666667,,,Charlotte_US
Chatham County_US,1,,,100.0,,Chatham County_US
Cheney_US,1,,100.0,,,Cheney_US
Chenoa_US,13,30.76923076923077,30.76923076923077,38.46153846153846,,Chenoa_US
Cherokee County_US,16,56.25,37.5,,6.25,Cherokee County_US
Chesapeake_US,1,,,100.0,,Chesapeake_US
Chester_US,15,66.66666666666667,13.333333333333334,6.666666666666667,13.333333333333334,Chester_US
Chesterfield County_US,1,100.0,,,,Chesterfield County_US
Chesterfield Township_US,7,14.285714285714286,85.71428571428571,,,Chesterfield Township_US
Cheyenne_US,2,50.0,,50.0,,Cheyenne_US
Chicago_US,52,51.92307692307692,32.69230769230769,13.461538461538462,1.9230769230769231,Chicago_US
Chickasha_US,7,85.71428571428571,14.285714285714286,,,Chickasha_US
Chillicothe_US,10,40.0,40.0,10.0,10.0,Chillicothe_US
Chino Hills_US,4,25.0,25.0,50.0,,Chino Hills_US
Chula Vista_US,11,36.36363636363637,63.63636363636363,,,Chula Vista_US
Cicero_US,1,100.0,,,,Cicero_US
Cincinnati_US,4,25.0,50.0,25.0,,Cincinnati_US
Citrus County_US,1,,100.0,,,Citrus County_US
City of Gainesville Municipal Boundaries_US,2,100.0,,,,City of Gainesville Municipal Boundaries_US
City of Rome_US,1,,100.0,,,City of Rome_US
Clarksburg_US,1,,,100.0,,Clarksburg_US
Clawson_US,2,,100.0,,,Clawson_US
Clayton County_US,4,25.0,50.0,25.0,,Clayton County_US
Clermont_US,15,20.0,40.0,20.0,20.0,Clermont_US
Cleveland_US,12,25.0,50.0,25.0,,Cleveland_US
Clinton Township_US,4,25.0,75.0,,,Clinton Township_US
Clinton_US,13,38.46153846153846,46.15384615384615,7.6923076923076925,7.6923076923076925,Clinton_US
Cloquet_US,3,33.333333333333336,33.333333333333336,33.333333333333336,,Cloquet_US
Clovis_US,1,100.0,,,,Clovis_US
Cobb County_US,3,66.66666666666667,33.333333333333336,,,Cobb County_US
Cohasset_US,14,28.571428571428573,35.714285714285715,35.714285714285715,,Cohasset_US
Collins_US,2,50.0,,,50.0,Collins_US
Columbia County_US,17,35.294117647058826,35.294117647058826,29.41176470588235,,Columbia County_US
Columbia_US,13,61.53846153846154,15.384615384615385,23.076923076923077,,Columbia_US
Columbus_US,10,60.0,30.0,10.0,,Columbus_US
Comal County_US,1,,100.0,,,Comal County_US
Commerce City_US,1,,,100.0,,Commerce City_US
Conroe_US,1,100.0,,,,Conroe_US
Converse_US,16,43.75,31.25,25.0,,Converse_US
Conway County_US,1,,,100.0,,Conway County_US
Coon Rapids_US,1,,100.0,,,Coon Rapids_US
Coral Springs_US,19,36.8421052631579,52.63157894736842,5.2631578947368425,5.2631578947368425,Coral Springs_US
Corvallis_US,1,100.0,,,,Corvallis_US
Coryell County_US,21,52.38095238095238,28.571428571428573,19.047619047619047,,Coryell County_US
Covington County_US,1,100.0,,,,Covington County_US
Crown Point_US,2,,50.0,50.0,,Crown Point_US
Culver City_US,1,,100.0,,,Culver City_US
Cumberland County_US,2,,50.0,50.0,,Cumberland County_US
Cupertino_US,1,100.0,,,,Cupertino_US
Dallas_US,36,47.22222222222222,33.333333333333336,19.444444444444443,,Dallas_US
Danville_US,2,,100.0,,,Danville_US
Dauphin County_US,2,,100.0,,,Dauphin County_US
Davenport_US,7,42.857142857142854,14.285714285714286,42.857142857142854,,Davenport_US
Dayton_US,1,100.0,,,,Dayton_US
DeKalb County_US,6,66.66666666666667,33.333333333333336,,,DeKalb County_US
Decatur County_US,1,,100.0,,,Decatur County_US
Decatur_US,1,,100.0,,,Decatur_US
Deer Park_US,1,,100.0,,,Deer Park_US
Delaware County_US,1,,100.0,,,Delaware County_US
Deltona_US,3,66.66666666666667,33.333333333333336,,,Deltona_US
Derby_US,1,100.0,,,,Derby_US
Des Moines_US,1,,100.0,,,Des Moines_US
Des Plaines_US,2,,50.0,50.0,,Des Plaines_US
Detroit_US,33,48.484848484848484,42.42424242424242,3.0303030303030303,6.0606060606060606,Detroit_US
Dexter_US,1,100.0,,,,Dexter_US
Dickinson County_US,1,100.0,,,,Dickinson County_US
Dothan_US,1,,,100.0,,Dothan_US
Douglas County_US,1,,,100.0,,Douglas County_US
Dubuque_US,1,100.0,,,,Dubuque_US
Duluth_US,6,50.0,16.666666666666668,33.333333333333336,,Duluth_US
Duplin County_US,6,16.666666666666668,83.33333333333333,,,Duplin County_US
Durham_US,6,66.66666666666667,,16.666666666666668,16.666666666666668,Durham_US
East Aurora_US,3,,33.333333333333336,,66.66666666666667,East Aurora_US
East Saint Louis_US,11,27.272727272727273,63.63636363636363,9.090909090909092,,East Saint Louis_US
Eden_US,1,,100.0,,,Eden_US
Edgerton_US,1,100.0,,,,Edgerton_US
Edinburg_US,1,100.0,,,,Edinburg_US
Edwardsville_US,7,71.42857142857143,14.285714285714286,,14.285714285714286,Edwardsville_US
El Cajon_US,3,33.333333333333336,66.66666666666667,,,El Cajon_US
El Dorado County_US,5,60.0,40.0,,,El Dorado County_US
El Monte_US,1,,100.0,,,El Monte_US
El Paso_US,2,100.0,,,,El Paso_US
Elizabethton_US,2,,50.0,50.0,,Elizabethton_US
Elk Grove_US,2,50.0,,50.0,,Elk Grove_US
Enterprise_US,1,,100.0,,,Enterprise_US
Erie_US,1,,100.0,,,Erie_US
Escambia County_US,6,50.0,33.333333333333336,16.666666666666668,,Escambia County_US
Estill County_US,1,100.0,,,,Estill County_US
Euless_US,2,50.0,50.0,,,Euless_US
Eureka_US,2,50.0,,50.0,,Eureka_US
Evansville_US,2,,100.0,,,Evansville_US
Fairbanks_US,5,40.0,20.0,40.0,,Fairbanks_US
Fairfield_US,1,,100.0,,,Fairfield_US
Fairmont_US,5,,100.0,,,Fairmont_US
Farmers Branch_US,6,66.66666666666667,33.333333333333336,,,Farmers Branch_US
Farmington_US,8,62.5,25.0,12.5,,Farmington_US
Fayette County_US,16,43.75,37.5,18.75,,Fayette County_US
Ferndale_US,1,100.0,,,,Ferndale_US
Flint Township_US,3,66.66666666666667,33.333333333333336,,,Flint Township_US
Flint_US,1,,,100.0,,Flint_US
Flora_US,4,50.0,50.0,,,Flora_US
Florence County_US,20,50.0,15.0,35.0,,Florence County_US
Florence_US,18,50.0,44.44444444444444,5.555555555555555,,Florence_US
Flower Mound_US,4,50.0,50.0,,,Flower Mound_US
Flushing_US,1,100.0,,,,Flushing_US
Fontana_US,14,42.857142857142854,35.714285714285715,21.428571428571427,,Fontana_US
Forney_US,4,50.0,,50.0,,Forney_US
Fort Bend County_US,4,,50.0,50.0,,Fort Bend County_US
Fort Lauderdale_US,1,,100.0,,,Fort Lauderdale_US
Fort Smith_US,1,,100.0,,,Fort Smith_US
Fort Worth_US,27,48.148148148148145,37.03703703703704,11.11111111111111,3.7037037037037037,Fort Worth_US
Franklin County_US,13,46.15384615384615,53.84615384615385,,,Franklin County_US
Franklin_US,1,100.0,,,,Franklin_US
Fresno County_US,2,,50.0,50.0,,Fresno County_US
Fresno_US,1,100.0,,,,Fresno_US
Gadsden_US,1,,100.0,,,Gadsden_US
Gaffney_US,1,,100.0,,,Gaffney_US
Gaines Township_US,1,,100.0,,,Gaines Township_US
Garden Township_US,10,30.0,60.0,10.0,,Garden Township_US
Garrard County_US,1,,,100.0,,Garrard County_US
Garrett_US,1,,100.0,,,Garrett_US
Gary_US,16,25.0,50.0,25.0,,Gary_US
Germantown_US,1,100.0,,,,Germantown_US
Gilbert_US,1,,,100.0,,Gilbert_US
Gladewater_US,1,,,100.0,,Gladewater_US
Gloucester County_US,2,50.0,,50.0,,Gloucester County_US
Goddard_US,2,,100.0,,,Goddard_US
Grafton_US,3,33.333333333333336,66.66666666666667,,,Grafton_US
Grand Island_US,5,40.0,40.0,,20.0,Grand Island_US
Grand Prairie_US,3,33.333333333333336,33.333333333333336,,33.333333333333336,Grand Prairie_US
Grand Rapids_US,20,30.0,50.0,15.0,5.0,Grand Rapids_US
Grayson County_US,3,,100.0,,,Grayson County_US
Great Neck Plaza_US,1,100.0,,,,Great Neck Plaza_US
Greece_US,1,100.0,,,,Greece_US
Greenbelt_US,1,100.0,,,,Greenbelt_US
Greene County_US,1,,100.0,,,Greene County_US
Greenhills_US,4,25.0,25.0,25.0,25.0,Greenhills_US
Greensboro_US,7,28.571428571428573,28.571428571428573,28.571428571428573,14.285714285714286,Greensboro_US
Greenville County_US,13,46.15384615384615,46.15384615384615,,7.6923076923076925,Greenville County_US
Greenville_US,16,31.25,56.25,12.5,,Greenville_US
Grimes County_US,5,20.0,80.0,,,Grimes County_US
Guilford County_US,15,53.333333333333336,46.666666666666664,,,Guilford County_US
Guilford Township_US,10,50.0,40.0,10.0,,Guilford Township_US
Gulfport_US,6,16.666666666666668,83.33333333333333,,,Gulfport_US
Gun Plain Charter Township_US,1,,,100.0,,Gun Plain Charter Township_US
Gwinnett County_US,7,28.571428571428573,42.857142857142854,28.571428571428573,,Gwinnett County_US
Hamtramck_US,1,100.0,,,,Hamtramck_US
Hannibal_US,3,66.66666666666667,33.333333333333336,,,Hannibal_US
Hanover Township_US,13,23.076923076923077,69.23076923076923,7.6923076923076925,,Hanover Township_US
Hanover_US,1,100.0,,,,Hanover_US
Hardin County_US,2,,,100.0,,Hardin County_US
Harris County_US,44,31.818181818181817,40.90909090909091,22.727272727272727,4.545454545454546,Harris County_US
Harrison_US,16,56.25,43.75,,,Harrison_US
Hart County_US,3,33.333333333333336,66.66666666666667,,,Hart County_US
Haskins_US,1,,100.0,,,Haskins_US
Hattiesburg_US,1,,,100.0,,Hattiesburg_US
Havana_US,3,,66.66666666666667,,33.333333333333336,Havana_US
Haverford Township_US,1,,,100.0,,Haverford Township_US
Hawaiʻi County_US,2,50.0,50.0,,,Hawaiʻi County_US
Hawkins County_US,14,64.28571428571429,35.714285714285715,,,Hawkins County_US
Hays_US,1,,,100.0,,Hays_US
Haysville_US,1,,100.0,,,Haysville_US
Hazleton_US,1,,100.0,,,Hazleton_US
Hemet_US,1,,,100.0,,Hemet_US
Henrietta_US,1,,100.0,,,Henrietta_US
Henry County_US,16,43.75,50.0,,6.25,Henry County_US
Hereford_US,2,,100.0,,,Hereford_US
Hernando County_US,3,33.333333333333336,66.66666666666667,,,Hernando County_US
Heyburn_US,2,50.0,50.0,,,Heyburn_US
Hialeah_US,15,53.333333333333336,46.666666666666664,,,Hialeah_US
Hillsborough County_US,18,50.0,33.333333333333336,11.11111111111111,5.555555555555555,Hillsborough County_US
Hogan Township_US,1,100.0,,,,Hogan Township_US
Holland_US,1,100.0,,,,Holland_US
Honolulu_US,5,80.0,20.0,,,Honolulu_US
Hot Springs Village_US,16,50.0,12.5,37.5,,Hot Springs Village_US
Houston County_US,16,43.75,25.0,31.25,,Houston County_US
Houston_US,31,32.25806451612903,41.935483870967744,22.580645161290324,3.225806451612903,Houston_US
Howard County_US,1,,100.0,,,Howard County_US
Hudspeth County_US,1,,100.0,,,Hudspeth County_US
Humboldt County_US,1,,100.0,,,Humboldt County_US
Huntsville_US,4,25.0,75.0,,,Huntsville_US
Hurricane_US,1,100.0,,,,Hurricane_US
Hutchinson_US,17,23.529411764705884,47.05882352941177,17.647058823529413,11.764705882352942,Hutchinson_US
Hyattsville_US,1,,100.0,,,Hyattsville_US
Idaho Falls_US,4,25.0,50.0,25.0,,Idaho Falls_US
Indianapolis_US,59,32.20338983050848,54.23728813559322,8.474576271186441,5.084745762711864,Indianapolis_US
Inkster_US,10,50.0,30.0,20.0,,Inkster_US
Irvine_US,1,100.0,,,,Irvine_US
Ithaca_US,3,66.66666666666667,,33.333333333333336,,Ithaca_US
Jackson County_US,10,30.0,60.0,10.0,,Jackson County_US
Jackson_US,1,100.0,,,,Jackson_US
Jacksonville_US,19,47.36842105263158,26.31578947368421,26.31578947368421,,Jacksonville_US
Jamestown_US,14,50.0,28.571428571428573,14.285714285714286,7.142857142857143,Jamestown_US
Jefferson County_US,6,16.666666666666668,66.66666666666667,16.666666666666668,,Jefferson County_US
Jenkins County_US,1,,,100.0,,Jenkins County_US
Jennerstown_US,2,50.0,,,50.0,Jennerstown_US
Johnston County_US,3,66.66666666666667,33.333333333333336,,,Johnston County_US
Joliet_US,5,20.0,60.0,,20.0,Joliet_US
Jones County_US,15,66.66666666666667,26.666666666666668,6.666666666666667,,Jones County_US
Joplin_US,6,50.0,33.333333333333336,,16.666666666666668,Joplin_US
Juneau_US,1,,,,100.0,Juneau_US
Justice_US,1,100.0,,,,Justice_US
Kansas City_US,6,33.333333333333336,66.66666666666667,,,Kansas City_US
Kapolei_US,1,,100.0,,,Kapolei_US
Kern County_US,19,57.89473684210526,31.57894736842105,10.526315789473685,,Kern County_US
Kerrville_US,1,,100.0,,,Kerrville_US
Kershaw County_US,1,,100.0,,,Kershaw County_US
Kings County_US,1,100.0,,,,Kings County_US
Kingsport_US,20,50.0,45.0,,5.0,Kingsport_US
Kissimmee_US,8,12.5,50.0,37.5,,Kissimmee_US
Knox County_US,3,,100.0,,,Knox County_US
Knoxville_US,16,18.75,18.75,56.25,6.25,Knoxville_US
Kutztown_US,3,33.333333333333336,66.66666666666667,,,Kutztown_US
La Cañada Flintridge_US,1,100.0,,,,La Cañada Flintridge_US
LaGrange_US,2,50.0,50.0,,,LaGrange_US
Lafayette County_US,1,,100.0,,,Lafayette County_US
Lafayette_US,18,38.888888888888886,33.333333333333336,16.666666666666668,11.11111111111111,Lafayette_US
Lafourche Parish_US,14,28.571428571428573,35.714285714285715,28.571428571428573,7.142857142857143,Lafourche Parish_US
Lake County_US,7,28.571428571428573,28.571428571428573,42.857142857142854,,Lake County_US
Lake Elsinore_US,5,20.0,20.0,60.0,,Lake Elsinore_US
Lake Forest_US,1,,100.0,,,Lake Forest_US
Lake Station_US,1,,100.0,,,Lake Station_US
Lake in the Hills_US,1,100.0,,,,Lake in the Hills_US
Lakeland_US,1,,,100.0,,Lakeland_US
Lakewood_US,1,100.0,,,,Lakewood_US
Lancaster_US,11,54.54545454545455,36.36363636363637,9.090909090909092,,Lancaster_US
Lansing_US,2,,50.0,50.0,,Lansing_US
Las Vegas_US,8,12.5,62.5,25.0,,Las Vegas_US
Lathrop_US,3,,66.66666666666667,33.333333333333336,,Lathrop_US
Laurel_US,2,50.0,50.0,,,Laurel_US
Laurens County_US,1,,100.0,,,Laurens County_US
Leadwood_US,3,66.66666666666667,,33.333333333333336,,Leadwood_US
Lebanon_US,5,20.0,60.0,20.0,,Lebanon_US
Lee County_US,2,,100.0,,,Lee County_US
Lenexa_US,1,,,100.0,,Lenexa_US
Letcher County_US,2,50.0,,50.0,,Letcher County_US
Lewis County_US,1,,100.0,,,Lewis County_US
Lewisburg_US,1,,100.0,,,Lewisburg_US
Lexington County_US,7,57.142857142857146,28.571428571428573,14.285714285714286,,Lexington County_US
Lexington_US,4,100.0,,,,Lexington_US
Liberty County_US,2,50.0,,50.0,,Liberty County_US
Lincoln County_US,8,12.5,37.5,50.0,,Lincoln County_US
Lincoln_US,5,80.0,20.0,,,Lincoln_US
Little Rock_US,8,37.5,50.0,12.5,,Little Rock_US
Livonia_US,1,,,100.0,,Livonia_US
Lodi_US,1,100.0,,,,Lodi_US
Logansport_US,1,,,100.0,,Logansport_US
Long County_US,3,33.333333333333336,,66.66666666666667,,Long County_US
Longmont_US,2,50.0,,50.0,,Longmont_US
Los Angeles County_US,3,,66.66666666666667,33.333333333333336,,Los Angeles County_US
Los Angeles_US,43,37.2093023255814,44.18604651162791,13.953488372093023,4.651162790697675,Los Angeles_US
Los Lunas_US,1,100.0,,,,Los Lunas_US
Louisville_US,17,29.41176470588235,23.529411764705884,47.05882352941177,,Louisville_US
Lovington_US,1,,,100.0,,Lovington_US
Lowndes County_US,7,28.571428571428573,57.142857142857146,14.285714285714286,,Lowndes County_US
Loxley_US,3,,33.333333333333336,66.66666666666667,,Loxley_US
Lubbock_US,3,,100.0,,,Lubbock_US
Luling_US,3,33.333333333333336,33.333333333333336,33.333333333333336,,Luling_US
Lumberton_US,3,66.66666666666667,33.333333333333336,,,Lumberton_US
Madera County_US,2,50.0,,50.0,,Madera County_US
Madison County_US,1,100.0,,,,Madison County_US
Madison_US,1,,100.0,,,Madison_US
Magna_US,15,26.666666666666668,46.666666666666664,13.333333333333334,13.333333333333334,Magna_US
Manchester Township_US,3,,100.0,,,Manchester Township_US
Mansfield_US,1,100.0,,,,Mansfield_US
Maple Grove_US,16,31.25,50.0,18.75,,Maple Grove_US
Marion County_US,21,19.047619047619047,61.904761904761905,4.761904761904762,14.285714285714286,Marion County_US
Marion_US,6,66.66666666666667,33.333333333333336,,,Marion_US
Marshall_US,7,14.285714285714286,57.142857142857146,28.571428571428573,,Marshall_US
Mascotte_US,14,50.0,42.857142857142854,7.142857142857143,,Mascotte_US
Matoaka_US,11,63.63636363636363,18.181818181818183,9.090909090909092,9.090909090909092,Matoaka_US
Matteson_US,1,,100.0,,,Matteson_US
Maysville_US,4,50.0,25.0,,25.0,Maysville_US
McLean County_US,1,100.0,,,,McLean County_US
Meade County_US,2,100.0,,,,Meade County_US
Medina_US,15,46.666666666666664,33.333333333333336,13.333333333333334,6.666666666666667,Medina_US
Melissa_US,2,100.0,,,,Melissa_US
Memphis_US,19,42.10526315789474,47.36842105263158,5.2631578947368425,5.2631578947368425,Memphis_US
Menominee_US,1,,100.0,,,Menominee_US
Menomonie_US,2,50.0,,50.0,,Menomonie_US
Merced County_US,2,,50.0,50.0,,Merced County_US
Mesa County_US,1,,,100.0,,Mesa County_US
Mesa_US,7,57.142857142857146,42.857142857142854,,,Mesa_US
Mesquite_US,4,25.0,50.0,25.0,,Mesquite_US
Mexia_US,1,100.0,,,,Mexia_US
Miami-Dade County_US,8,25.0,50.0,25.0,,Miami-Dade County_US
Miami_US,20,45.0,30.0,20.0,5.0,Miami_US
Midland_US,1,,100.0,,,Midland_US
Midwest City_US,5,40.0,40.0,20.0,,Midwest City_US
Mikado Township_US,13,46.15384615384615,46.15384615384615,7.6923076923076925,,Mikado Township_US
Mill Creek_US,3,33.333333333333336,66.66666666666667,,,Mill Creek_US
Milwaukee_US,1,100.0,,,,Milwaukee_US
Milwaukie_US,15,46.666666666666664,26.666666666666668,26.666666666666668,,Milwaukie_US
Miramar_US,2,50.0,50.0,,,Miramar_US
Mission Viejo_US,13,46.15384615384615,53.84615384615385,,,Mission Viejo_US
Mission_US,13,30.76923076923077,61.53846153846154,7.6923076923076925,,Mission_US
Mobile_US,1,,,100.0,,Mobile_US
Mohave County_US,4,50.0,25.0,25.0,,Mohave County_US
Moncks Corner_US,4,,75.0,25.0,,Moncks Corner_US
Monongalia County_US,16,37.5,43.75,18.75,,Monongalia County_US
Monroe County_US,3,33.333333333333336,66.66666666666667,,,Monroe County_US
Monroe Township_US,1,100.0,,,,Monroe Township_US
Monroe_US,12,41.666666666666664,41.666666666666664,8.333333333333334,8.333333333333334,Monroe_US
Montague_US,3,33.333333333333336,66.66666666666667,,,Montague_US
Monterey County_US,3,33.333333333333336,66.66666666666667,,,Monterey County_US
Montgomery County_US,16,31.25,56.25,6.25,6.25,Montgomery County_US
Montgomery_US,1,,,100.0,,Montgomery_US
Monticello_US,9,66.66666666666667,,33.333333333333336,,Monticello_US
Mora County_US,10,30.0,70.0,,,Mora County_US
Morristown_US,1,100.0,,,,Morristown_US
Morrisville_US,3,33.333333333333336,,66.66666666666667,,Morrisville_US
Mount Morris_US,1,,100.0,,,Mount Morris_US
Mount Pleasant_US,3,33.333333333333336,66.66666666666667,,,Mount Pleasant_US
Mount Washington_US,5,40.0,20.0,40.0,,Mount Washington_US
Mountain View_US,3,66.66666666666667,33.333333333333336,,,Mountain View_US
Mountlake Terrace_US,33,39.39393939393939,45.45454545454545,15.151515151515152,,Mountlake Terrace_US
Murfreesboro_US,15,26.666666666666668,53.333333333333336,20.0,,Murfreesboro_US
Nampa_US,1,100.0,,,,Nampa_US
Nanticoke_US,1,100.0,,,,Nanticoke_US
Naperville_US,1,100.0,,,,Naperville_US
Nashville_US,4,75.0,,25.0,,Nashville_US
Nazareth_US,4,25.0,75.0,,,Nazareth_US
Nelson County_US,15,60.0,33.333333333333336,,6.666666666666667,Nelson County_US
New Braunfels_US,9,22.22222222222222,44.44444444444444,11.11111111111111,22.22222222222222,New Braunfels_US
New Castle County_US,8,50.0,37.5,12.5,,New Castle County_US
New Castle_US,4,50.0,50.0,,,New Castle_US
New Hanover County_US,10,30.0,30.0,40.0,,New Hanover County_US
New Iberia_US,14,42.857142857142854,35.714285714285715,7.142857142857143,14.285714285714286,New Iberia_US
New Rochelle_US,17,35.294117647058826,52.94117647058823,5.882352941176471,5.882352941176471,New Rochelle_US
New York_US,72,50.0,30.555555555555557,19.444444444444443,,New York_US
Newberry_US,1,,,100.0,,Newberry_US
Newport News_US,1,100.0,,,,Newport News_US
Newton County_US,4,,100.0,,,Newton County_US
Nez Perce County_US,1,,,,100.0,Nez Perce County_US
Niagara Falls_US,1,100.0,,,,Niagara Falls_US
Nixa_US,1,,100.0,,,Nixa_US
Norco_US,1,,,100.0,,Norco_US
Norcross_US,6,16.666666666666668,66.66666666666667,16.666666666666668,,Norcross_US
Norfolk_US,2,50.0,50.0,,,Norfolk_US
Norristown_US,3,66.66666666666667,33.333333333333336,,,Norristown_US
North Bay Village_US,1,,100.0,,,North Bay Village_US
North Las Vegas_US,23,34.78260869565217,21.73913043478261,30.434782608695652,13.043478260869565,North Las Vegas_US
North Vernon_US,1,100.0,,,,North Vernon_US
Northville_US,8,,75.0,25.0,,Northville_US
Oak Forest_US,17,35.294117647058826,41.1764705882353,17.647058823529413,5.882352941176471,Oak Forest_US
Oak Hill_US,1,,,100.0,,Oak Hill_US
Oak Ridge_US,1,100.0,,,,Oak Ridge_US
Oakland_US,1,100.0,,,,Oakland_US
Ohatchee_US,1,,100.0,,,Ohatchee_US
Ohio County_US,15,26.666666666666668,46.666666666666664,20.0,6.666666666666667,Ohio County_US
Oklahoma City_US,5,20.0,60.0,20.0,,Oklahoma City_US
Onalaska_US,1,100.0,,,,Onalaska_US
Orange County_US,8,37.5,50.0,12.5,,Orange County_US
Orlando_US,3,66.66666666666667,,33.333333333333336,,Orlando_US
Osceola County_US,4,,75.0,25.0,,Osceola County_US
Osceola_US,14,35.714285714285715,28.571428571428573,35.714285714285715,,Osceola_US
Oswego_US,1,,100.0,,,Oswego_US
Otero County_US,1,100.0,,,,Otero County_US
Ottawa_US,1,100.0,,,,Ottawa_US
Oxnard_US,9,22.22222222222222,44.44444444444444,33.333333333333336,,Oxnard_US
Palm Bay_US,1,100.0,,,,Palm Bay_US
Palm Beach County_US,43,44.18604651162791,27.906976744186046,25.58139534883721,2.3255813953488373,Palm Beach County_US
Palm Beach_US,6,66.66666666666667,33.333333333333336,,,Palm Beach_US
Panama City_US,5,60.0,20.0,20.0,,Panama City_US
Pantego_US,1,100.0,,,,Pantego_US
Paradise_US,1,100.0,,,,Paradise_US
Paragould_US,1,100.0,,,,Paragould_US
Park County_US,10,40.0,10.0,50.0,,Park County_US
Parma_US,7,28.571428571428573,71.42857142857143,,,Parma_US
Pasadena_US,11,27.272727272727273,36.36363636363637,27.272727272727273,9.090909090909092,Pasadena_US
Pasco County_US,14,71.42857142857143,21.428571428571427,7.142857142857143,,Pasco County_US
Pearland_US,6,50.0,33.333333333333336,16.666666666666668,,Pearland_US
Pembroke Pines_US,5,20.0,40.0,40.0,,Pembroke Pines_US
Peoria_US,1,,100.0,,,Peoria_US
Perry County_US,1,100.0,,,,Perry County_US
Pflugerville_US,1,100.0,,,,Pflugerville_US
Philadelphia_US,41,34.146341463414636,41.46341463414634,24.390243902439025,,Philadelphia_US
Phoenix_US,35,40.0,25.714285714285715,28.571428571428573,5.714285714285714,Phoenix_US
Pickens County_US,3,,100.0,,,Pickens County_US
Pico Rivera_US,1,,100.0,,,Pico Rivera_US
Pinal County_US,7,14.285714285714286,42.857142857142854,42.857142857142854,,Pinal County_US
Pinellas Park_US,7,42.857142857142854,57.142857142857146,,,Pinellas Park_US
Pineville_US,1,,100.0,,,Pineville_US
Pitt County_US,2,50.0,50.0,,,Pitt County_US
Pittsburg_US,1,,100.0,,,Pittsburg_US
Pittsburgh_US,1,,100.0,,,Pittsburgh_US
Pittsylvania County_US,9,55.55555555555556,33.333333333333336,11.11111111111111,,Pittsylvania County_US
Plano_US,2,50.0,50.0,,,Plano_US
Pleasant Prairie_US,1,100.0,,,,Pleasant Prairie_US
Plymouth_US,3,,100.0,,,Plymouth_US
Polk County_US,22,45.45454545454545,50.0,,4.545454545454546,Polk County_US
Pomona_US,1,100.0,,,,Pomona_US
Pompano Beach_US,8,37.5,50.0,12.5,,Pompano Beach_US
Ponchatoula_US,3,33.333333333333336,66.66666666666667,,,Ponchatoula_US
Ponderay_US,8,37.5,37.5,25.0,,Ponderay_US
Portage_US,3,,33.333333333333336,66.66666666666667,,Portage_US
Portland_US,3,66.66666666666667,,33.333333333333336,,Portland_US
Portsmouth_US,2,50.0,50.0,,,Portsmouth_US
Potsdam_US,9,44.44444444444444,44.44444444444444,11.11111111111111,,Potsdam_US
Poway_US,2,50.0,,50.0,,Poway_US
Prairie Township_US,1,100.0,,,,Prairie Township_US
Pratt_US,2,50.0,,50.0,,Pratt_US
Prattville_US,1,100.0,,,,Prattville_US
Prince George's County_US,2,,50.0,50.0,,Prince George's County_US
Prince William County_US,1,,100.0,,,Prince William County_US
Prineville_US,8,12.5,62.5,12.5,12.5,Prineville_US
Prior Lake_US,3,33.333333333333336,33.333333333333336,,33.333333333333336,Prior Lake_US
Provo_US,1,,100.0,,,Provo_US
Pueblo County_US,1,,100.0,,,Pueblo County_US
Pulaski County_US,7,71.42857142857143,28.571428571428573,,,Pulaski County_US
Raleigh County_US,19,57.89473684210526,42.10526315789474,,,Raleigh County_US
Raleigh_US,1,,,,100.0,Raleigh_US
Randolph County_US,1,,100.0,,,Randolph County_US
Rapides Parish_US,5,20.0,20.0,40.0,20.0,Rapides Parish_US
Reading_US,6,50.0,33.333333333333336,16.666666666666668,,Reading_US
Redding_US,16,31.25,37.5,31.25,,Redding_US
Reno_US,1,,100.0,,,Reno_US
Rich Square_US,8,50.0,37.5,12.5,,Rich Square_US
Richland County_US,10,40.0,30.0,30.0,,Richland County_US
Richmond_US,1,,100.0,,,Richmond_US
Ripley_US,1,,100.0,,,Ripley_US
River Oaks_US,1,,100.0,,,River Oaks_US
Riverbank_US,5,60.0,40.0,,,Riverbank_US
Riverside County_US,2,50.0,,50.0,,Riverside County_US
Riverside_US,14,42.857142857142854,42.857142857142854,14.285714285714286,,Riverside_US
Roanoke_US,2,,100.0,,,Roanoke_US
Robertson County_US,1,,100.0,,,Robertson County_US
Rockford_US,19,36.8421052631579,31.57894736842105,31.57894736842105,,Rockford_US
Rocklin_US,1,,100.0,,,Rocklin_US
Rockmart_US,3,33.333333333333336,66.66666666666667,,,Rockmart_US
Rockwall County_US,1,100.0,,,,Rockwall County_US
Rosenberg_US,2,50.0,50.0,,,Rosenberg_US
Russell County_US,4,25.0,75.0,,,Russell County_US
Sacramento County_US,2,100.0,,,,Sacramento County_US
Saint Charles County_US,4,25.0,25.0,50.0,,Saint Charles County_US
Saint Lawrence County_US,1,100.0,,,,Saint Lawrence County_US
Saint Louis_US,2,,50.0,50.0,,Saint Louis_US
Saline County_US,15,53.333333333333336,33.333333333333336,6.666666666666667,6.666666666666667,Saline County_US
Sampson County_US,1,,100.0,,,Sampson County_US
San Antonio_US,39,51.282051282051285,38.46153846153846,5.128205128205129,5.128205128205129,San Antonio_US
San Benito_US,11,54.54545454545455,27.272727272727273,18.181818181818183,,San Benito_US
San Diego County_US,7,42.857142857142854,42.857142857142854,14.285714285714286,,San Diego County_US
San Diego_US,18,33.333333333333336,38.888888888888886,16.666666666666668,11.11111111111111,San Diego_US
San Jacinto_US,3,66.66666666666667,33.333333333333336,,,San Jacinto_US
San Joaquin County_US,7,57.142857142857146,42.857142857142854,,,San Joaquin County_US
San Jose_US,14,35.714285714285715,57.142857142857146,7.142857142857143,,San Jose_US
Sangamon County_US,3,33.333333333333336,33.333333333333336,33.333333333333336,,Sangamon County_US
Santa Ana_US,2,50.0,50.0,,,Santa Ana_US
Santa Cruz County_US,1,100.0,,,,Santa Cruz County_US
Santa Rosa_US,1,,,100.0,,Santa Rosa_US
Sarasota County_US,2,50.0,,50.0,,Sarasota County_US
Schaumburg_US,1,100.0,,,,Schaumburg_US
Scottsdale_US,1,100.0,,,,Scottsdale_US
Scranton_US,1,,100.0,,,Scranton_US
Seabrook_US,1,100.0,,,,Seabrook_US
Seattle_US,4,25.0,75.0,,,Seattle_US
Sedalia_US,15,33.333333333333336,53.333333333333336,,13.333333333333334,Sedalia_US
Seminole County_US,1,,100.0,,,Seminole County_US
Sequoyah County_US,1,,100.0,,,Sequoyah County_US
Seven Hills_US,1,100.0,,,,Seven Hills_US
Sevier County_US,1,100.0,,,,Sevier County_US
Sheboygan_US,1,,100.0,,,Sheboygan_US
Shelby Charter Township_US,2,,,50.0,50.0,Shelby Charter Township_US
Shelby County_US,6,16.666666666666668,33.333333333333336,50.0,,Shelby County_US
Sherman_US,9,44.44444444444444,44.44444444444444,11.11111111111111,,Sherman_US
Shippensburg_US,1,100.0,,,,Shippensburg_US
Shorewood_US,3,,66.66666666666667,33.333333333333336,,Shorewood_US
Shreveport_US,1,100.0,,,,Shreveport_US
Silver Spring_US,4,75.0,25.0,,,Silver Spring_US
Simpson County_US,1,,100.0,,,Simpson County_US
Sioux Falls_US,11,36.36363636363637,27.272727272727273,36.36363636363637,,Sioux Falls_US
Skagit County_US,1,100.0,,,,Skagit County_US
South Holland_US,1,100.0,,,,South Holland_US
Sparta_US,1,,,100.0,,Sparta_US
Spartanburg County_US,6,50.0,16.666666666666668,33.333333333333336,,Spartanburg County_US
Spring Valley_US,3,33.333333333333336,33.333333333333336,33.333333333333336,,Spring Valley_US
Springdale_US,4,50.0,25.0,25.0,,Springdale_US
Springfield_US,1,,,100.0,,Springfield_US
Springhill_US,14,50.0,14.285714285714286,7.142857142857143,28.571428571428573,Springhill_US
St. Albans_US,1,100.0,,,,St. Albans_US
St. Francois County_US,1,,,,100.0,St. Francois County_US
Statesboro_US,1,100.0,,,,Statesboro_US
Statesville_US,1,100.0,,,,Statesville_US
Sterling Heights_US,7,71.42857142857143,28.571428571428573,,,Sterling Heights_US
Sterling_US,1,,100.0,,,Sterling_US
Stockton_US,2,100.0,,,,Stockton_US
Stokes Township_US,1,,100.0,,,Stokes Township_US
Story County_US,15,53.333333333333336,13.333333333333334,20.0,13.333333333333334,Story County_US
Stow_US,1,100.0,,,,Stow_US
Strafford_US,16,31.25,68.75,,,Strafford_US
Sturgeon Bay_US,1,,100.0,,,Sturgeon Bay_US
Suffolk County_US,35,57.142857142857146,25.714285714285715,14.285714285714286,2.857142857142857,Suffolk County_US
Summerville_US,2,100.0,,,,Summerville_US
Sussex County_US,16,43.75,56.25,,,Sussex County_US
Tacoma_US,16,25.0,31.25,43.75,,Tacoma_US
Takoma Park_US,1,,,,100.0,Takoma Park_US
Talladega County_US,15,40.0,60.0,,,Talladega County_US
Tampa_US,9,11.11111111111111,66.66666666666667,22.22222222222222,,Tampa_US
Tangipahoa Parish_US,2,50.0,50.0,,,Tangipahoa Parish_US
Tarrant County_US,2,,50.0,,50.0,Tarrant County_US
Teller County_US,15,53.333333333333336,33.333333333333336,6.666666666666667,6.666666666666667,Teller County_US
Thousand Oaks_US,3,66.66666666666667,33.333333333333336,,,Thousand Oaks_US
Thurston County_US,1,,100.0,,,Thurston County_US
Toccoa_US,1,,,100.0,,Toccoa_US
Toledo_US,6,33.333333333333336,50.0,,16.666666666666668,Toledo_US
Tomball_US,1,100.0,,,,Tomball_US
Tonawanda_US,1,100.0,,,,Tonawanda_US
Topeka_US,1,,100.0,,,Topeka_US
Town of Clay_US,8,50.0,50.0,,,Town of Clay_US
Town of Colonie_US,1,100.0,,,,Town of Colonie_US
Town of Davenport_US,3,,33.333333333333336,66.66666666666667,,Town of Davenport_US
Town of Elbridge_US,7,28.571428571428573,57.142857142857146,14.285714285714286,,Town of Elbridge_US
Town of Eldorado_US,1,100.0,,,,Town of Eldorado_US
Town of Esperance_US,1,100.0,,,,Town of Esperance_US
Town of Hempstead_US,6,,83.33333333333333,16.666666666666668,,Town of Hempstead_US
Town of Kingston_US,1,100.0,,,,Town of Kingston_US
Tulsa_US,9,55.55555555555556,33.333333333333336,11.11111111111111,,Tulsa_US
Tupelo_US,1,,100.0,,,Tupelo_US
Tuskegee_US,16,62.5,37.5,,,Tuskegee_US
Tyler_US,14,35.714285714285715,28.571428571428573,21.428571428571427,14.285714285714286,Tyler_US
Union County_US,2,,100.0,,,Union County_US
Unity Township_US,3,,100.0,,,Unity Township_US
University Park_US,3,33.333333333333336,66.66666666666667,,,University Park_US
Upper Darby_US,1,,100.0,,,Upper Darby_US
Upper Gwynedd Township_US,1,100.0,,,,Upper Gwynedd Township_US
Vancouver_US,21,52.38095238095238,33.333333333333336,9.523809523809524,4.761904761904762,Vancouver_US
Ventura County_US,14,14.285714285714286,28.571428571428573,57.142857142857146,,Ventura County_US
Victorville_US,1,100.0,,,,Victorville_US
Vienna_US,2,,50.0,50.0,,Vienna_US
Villa Rica_US,1,,,100.0,,Villa Rica_US
Virginia Beach_US,2,50.0,,50.0,,Virginia Beach_US
Vista_US,18,50.0,38.888888888888886,5.555555555555555,5.555555555555555,Vista_US
Volusia County_US,3,66.66666666666667,33.333333333333336,,,Volusia County_US
Wadley_US,14,50.0,42.857142857142854,7.142857142857143,,Wadley_US
Wadsworth_US,1,,,100.0,,Wadsworth_US
Waianae_US,1,,100.0,,,Waianae_US
Wake County_US,32,28.125,40.625,28.125,3.125,Wake County_US
Walnut_US,9,77.77777777777777,,11.11111111111111,11.11111111111111,Walnut_US
Warner Robins_US,5,40.0,60.0,,,Warner Robins_US
Warr Acres_US,3,,100.0,,,Warr Acres_US
Warren County_US,18,77.77777777777777,22.22222222222222,,,Warren County_US
Washington County_US,20,45.0,20.0,35.0,,Washington County_US
Washington_US,20,50.0,40.0,,10.0,Washington_US
Washoe County_US,1,100.0,,,,Washoe County_US
Watertown_US,1,100.0,,,,Watertown_US
Watsonville_US,4,50.0,25.0,25.0,,Watsonville_US
Wauwatosa_US,1,100.0,,,,Wauwatosa_US
Wayne County_US,19,36.8421052631579,47.36842105263158,15.789473684210526,,Wayne County_US
Waynesboro_US,1,100.0,,,,Waynesboro_US
Weaver_US,1,100.0,,,,Weaver_US
Webster_US,3,,100.0,,,Webster_US
Weirton_US,1,100.0,,,,Weirton_US
West Baton Rouge Parish_US,1,100.0,,,,West Baton Rouge Parish_US
West De Land_US,1,,,100.0,,West De Land_US
West Norriton Township_US,12,33.333333333333336,33.333333333333336,33.333333333333336,,West Norriton Township_US
West Pelzer_US,2,50.0,,,50.0,West Pelzer_US
West Seneca_US,1,,,,100.0,West Seneca_US
Westerville_US,6,50.0,33.333333333333336,16.666666666666668,,Westerville_US
Westminster_US,1,,100.0,,,Westminster_US
Wheaton_US,1,,100.0,,,Wheaton_US
White County_US,4,25.0,25.0,50.0,,White County_US
Whitehall_US,1,,,100.0,,Whitehall_US
Wildwood_US,2,,100.0,,,Wildwood_US
Will County_US,1,,100.0,,,Will County_US
Williamsburg_US,1,100.0,,,,Williamsburg_US
Wilmington_US,1,,100.0,,,Wilmington_US
Winnebago_US,15,40.0,33.333333333333336,26.666666666666668,,Winnebago_US
Winston-Salem_US,1,100.0,,,,Winston-Salem_US
Winter Haven_US,1,,100.0,,,Winter Haven_US
Wise_US,12,50.0,41.666666666666664,,8.333333333333334,Wise_US
Wood County_US,1,100.0,,,,Wood County_US
Woodbridge_US,6,33.333333333333336,66.66666666666667,,,Woodbridge_US
Woodward_US,5,20.0,80.0,,,Woodward_US
Wyoming County_US,1,100.0,,,,Wyoming County_US
Yankton County_US,14,42.857142857142854,50.0,7.142857142857143,,Yankton County_US
Yell County_US,2,50.0,50.0,,,Yell County_US
Yorba Linda_US,8,37.5,62.5,,,Yorba Linda_US
Youngstown_US,3,66.66666666666667,33.333333333333336,,,Youngstown_US
Youngsville_US,1,,100.0,,,Youngsville_US
Yuba County_US,5,80.0,20.0,,,Yuba County_US
Yukon_US,1,100.0,,,,Yukon_US
Zebulon_US,1,100.0,,,,Zebulon_US
not found,289,46.36678200692042,39.792387543252595,10.380622837370241,3.4602076124567476,not found
